Candidate_ID,Sequence,Length,Mutations,Mutation_Count,Approx_Net_Charge,Charge_Delta_More_Negative_vs_sfGFP,Charge_Bin,Has_H148S,DMS_Brightness_Safe_Count,Supercharge_Count,Folding_Count,Optional_Risk_Count,Local_Brightness_Evidence_Score,Stability_Proxy_Score,Risk_Penalty,Pre_ColabFold_MultiObjective_Score,Chromophore_65_67,Chromophore_Preserved,In_Exclusion_List,Exact_Match_BeforeTopSeqs,Pre_Rank,Design_Family,ColabFold_Query_ID
CANDV2_01064,MSKGEELFTGVVPILVELDGDVNGHKFSVRGEGEGDATNGKLTLKFICTTGKLPVPWPTLVTTLTYGVQCFSRYPDHMKRHDFFKSAMPEGYVQERTISFEDDGTYKTRAEVKFEGDTLVNRIELKGIDFKEDGNILGHKLEYNFNSSNVYITADKQKNGIKAYFKIRHNVEDGSVQLADHYQQNTPIGDGPVLLPDNHYLSTQSVLSKDPNEKRDHMVVLEFVTAAGITHGMDELYK,238,L220V:H148S:K101E:N164Y,4,-7.1,2.0999999999999996,mild,True,1,1,1,0,1.8876856318776196,0.8854688298528868,0.32,0.9780303478799646,TYG,True,False,False,1490,conservative_H148S_mild_charge,Query_01_CANDV2_01064
CANDV2_01071,MSKGEELFTGVVPILVELDGDVNGHKFSVRGEGEGDATNGKLTLKFICTTGKLPVPWPTLVTTLTYGVQCFSRYPDHMKRHDFFKSAMPEGYVQERTISFKDDGTYKTRAEVKFEGDTLVNRIELKGIDFKEDGNILGHKLEYNFNSSNVYITADEQKNGIKAYFKIRHNVEDGSVQLADHYQQNTPIGDGPVLLPDNHYLSTQSVLSKDPNEKRDHMVVLEFVTAAGITHGMDELYK,238,L220V:H148S:K156E:N164Y,4,-7.1,2.0999999999999996,mild,True,1,1,1,0,1.8876856318776196,0.8854688298528868,0.32,0.9780303478799646,TYG,True,False,False,1491,conservative_H148S_mild_charge,Query_02_CANDV2_01071
CANDV2_01077,MSKGEELFTGVVPILVELDGDVNGHKFSVRGEGEGDATNGKLTLKFICTTGKLPVPWPTLVTTLTYGVQCFSRYPDHMKRHDFFKSAMPEGYVQERTISFKDDGTYKTRAEVKFEGDTLVNRIELKGIDFKEDGNILGHKLEYNFNSSNVYITADKQKNGIKAYFEIRHNVEDGSVQLADHYQQNTPIGDGPVLLPDNHYLSTQSVLSKDPNEKRDHMVVLEFVTAAGITHGMDELYK,238,L220V:H148S:K166E:N164Y,4,-7.1,2.0999999999999996,mild,True,1,1,1,0,1.8876856318776196,0.8854688298528868,0.32,0.9780303478799646,TYG,True,False,False,1492,conservative_H148S_mild_charge,Query_03_CANDV2_01077
CANDV2_01082,MSKGEELFTGVVPILVELDGDVNGHKFSVRGEGEGDATNGKLTLKFICTTGKLPVPWPTLVTTLTYGVQCFSRYPDHMKRHDFFKSAMPEGYVQERTISFKDDGTYKTRAEVKFEGDTLVNRIELKGIDFKEDGNILGHKLEYNFNSSNVYITADKQKNGIKAYFKIRHNVEDGSVQLADHYQQNTPIGDGPVLLPDNHYLSTQSVLSKDPNEERDHMVVLEFVTAAGITHGMDELYK,238,L220V:H148S:K214E:N164Y,4,-7.1,2.0999999999999996,mild,True,1,1,1,0,1.8876856318776196,0.8854688298528868,0.32,0.9780303478799646,TYG,True,False,False,1493,conservative_H148S_mild_charge,Query_04_CANDV2_01082
CANDV2_03700,MSKGEELFTGVVPILVELDGDVNGHKFSVRGEGEGDATNGKLTLKFICTTGKLPVPWPTLVTTLTYGVQCFSRYPDHMKRHDFFKSAMPEGYVQERTISFEDDGTYKTRAEVKFEGDTLVNRIELKGIDFKEDGNILGHKLEYNFNSSNVYITADKQKNGIKAYFKIRHNVEDGSVQLADHYQQNTPIGDGPVLLPDDHYLSTQSVLSKDPNEKRDHMVLLEFVTAAGITHGMDELYK,238,H148S:N198D:K101E:N164Y,4,-8.1,3.0999999999999996,medium,True,0,2,1,0,1.4568952691761619,1.2420889590435915,0.32,0.9052832182055175,TYG,True,False,False,3478,conservative_H148S_mild_charge,Query_05_CANDV2_03700
CANDV2_06745,MSKGEELFTGVVPILVELDGDVNGHKFSVRGEGEGDATNGKLTLKFICTTGKLPVPWPTLVTTLTYGVQCFSRYPDHMKRHDFFKSAMPEGYVQERTISFEDDGTYKTRAEVKFEGDTLVNRIELKGIDFKEDGNILGHKLEYNFNSSNVYITADEQKNGIKAYFKIRHNVEDGSVQLADHYQQNTPIGDGPVLLPDNHYLSTQSVLSKDPNEKRDHMVVLEFVTAAGITHGMDELYK,238,L220V:H148S:K101E:K156E:N164Y,5,-9.1,4.1,medium,True,1,2,1,0,1.8876856318776196,1.4719312347802591,0.4,1.1326153098509133,TYG,True,False,False,107,balanced_H148S_medium_charge,Query_06_CANDV2_06745
CANDV2_06751,MSKGEELFTGVVPILVELDGDVNGHKFSVRGEGEGDATNGKLTLKFICTTGKLPVPWPTLVTTLTYGVQCFSRYPDHMKRHDFFKSAMPEGYVQERTISFEDDGTYKTRAEVKFEGDTLVNRIELKGIDFKEDGNILGHKLEYNFNSSNVYITADKQKNGIKAYFEIRHNVEDGSVQLADHYQQNTPIGDGPVLLPDNHYLSTQSVLSKDPNEKRDHMVVLEFVTAAGITHGMDELYK,238,L220V:H148S:K101E:K166E:N164Y,5,-9.1,4.1,medium,True,1,2,1,0,1.8876856318776196,1.4719312347802591,0.4,1.1326153098509133,TYG,True,False,False,108,balanced_H148S_medium_charge,Query_07_CANDV2_06751
CANDV2_06756,MSKGEELFTGVVPILVELDGDVNGHKFSVRGEGEGDATNGKLTLKFICTTGKLPVPWPTLVTTLTYGVQCFSRYPDHMKRHDFFKSAMPEGYVQERTISFEDDGTYKTRAEVKFEGDTLVNRIELKGIDFKEDGNILGHKLEYNFNSSNVYITADKQKNGIKAYFKIRHNVEDGSVQLADHYQQNTPIGDGPVLLPDNHYLSTQSVLSKDPNEERDHMVVLEFVTAAGITHGMDELYK,238,L220V:H148S:K101E:K214E:N164Y,5,-9.1,4.1,medium,True,1,2,1,0,1.8876856318776196,1.4719312347802591,0.4,1.1326153098509133,TYG,True,False,False,109,balanced_H148S_medium_charge,Query_08_CANDV2_06756
CANDV2_06772,MSKGEELFTGVVPILVELDGDVNGHKFSVRGEGEGDATNGKLTLKFICTTGKLPVPWPTLVTTLTYGVQCFSRYPDHMKRHDFFKSAMPEGYVQERTISFKDDGTYKTRAEVKFEGDTLVNRIELKGIDFKEDGNILGHKLEYNFNSSNVYITADEQKNGIKAYFEIRHNVEDGSVQLADHYQQNTPIGDGPVLLPDNHYLSTQSVLSKDPNEKRDHMVVLEFVTAAGITHGMDELYK,238,L220V:H148S:K156E:K166E:N164Y,5,-9.1,4.1,medium,True,1,2,1,0,1.8876856318776196,1.4719312347802591,0.4,1.1326153098509133,TYG,True,False,False,110,balanced_H148S_medium_charge,Query_09_CANDV2_06772
CANDV2_06777,MSKGEELFTGVVPILVELDGDVNGHKFSVRGEGEGDATNGKLTLKFICTTGKLPVPWPTLVTTLTYGVQCFSRYPDHMKRHDFFKSAMPEGYVQERTISFKDDGTYKTRAEVKFEGDTLVNRIELKGIDFKEDGNILGHKLEYNFNSSNVYITADEQKNGIKAYFKIRHNVEDGSVQLADHYQQNTPIGDGPVLLPDNHYLSTQSVLSKDPNEERDHMVVLEFVTAAGITHGMDELYK,238,L220V:H148S:K156E:K214E:N164Y,5,-9.1,4.1,medium,True,1,2,1,0,1.8876856318776196,1.4719312347802591,0.4,1.1326153098509133,TYG,True,False,False,111,balanced_H148S_medium_charge,Query_10_CANDV2_06777
CANDV2_06792,MSKGEELFTGVVPILVELDGDVNGHKFSVRGEGEGDATNGKLTLKFICTTGKLPVPWPTLVTTLTYGVQCFSRYPDHMKRHDFFKSAMPEGYVQERTISFKDDGTYKTRAEVKFEGDTLVNRIELKGIDFKEDGNILGHKLEYNFNSSNVYITADKQKNGIKAYFEIRHNVEDGSVQLADHYQQNTPIGDGPVLLPDNHYLSTQSVLSKDPNEERDHMVVLEFVTAAGITHGMDELYK,238,L220V:H148S:K166E:K214E:N164Y,5,-9.1,4.1,medium,True,1,2,1,0,1.8876856318776196,1.4719312347802591,0.4,1.1326153098509133,TYG,True,False,False,112,balanced_H148S_medium_charge,Query_11_CANDV2_06792
CANDV2_26843,MSKGEELFTGVVPILVELDGDVNGHKFSVRGEGEGDATNGKLTLKFICTTGKLPVPWPTLVTTLTYGVQCFSRYPDHMKRHDFFKSAMPEGYVQERTISFEDDGTYKTRAEVKFEGDTLVNRIELKGIDFKEDGNILGHKLEYNFNSSNVYITADEQKNGIKAYFEIRHNVEDGSVQLADHYQQNTPIGDGPVLLPDNHYLSTQSVLSKDPNEKRDHMVVLEFVTAAGITHGMDELYK,238,L220V:H148S:K101E:K156E:K166E:N164Y,6,-11.1,6.1,medium,True,1,3,1,0,1.8876856318776196,1.8093335184842299,0.48,1.1875762233325018,TYG,True,False,False,9,balanced_H148S_stronger_charge,Query_12_CANDV2_26843
CANDV2_26848,MSKGEELFTGVVPILVELDGDVNGHKFSVRGEGEGDATNGKLTLKFICTTGKLPVPWPTLVTTLTYGVQCFSRYPDHMKRHDFFKSAMPEGYVQERTISFEDDGTYKTRAEVKFEGDTLVNRIELKGIDFKEDGNILGHKLEYNFNSSNVYITADEQKNGIKAYFKIRHNVEDGSVQLADHYQQNTPIGDGPVLLPDNHYLSTQSVLSKDPNEERDHMVVLEFVTAAGITHGMDELYK,238,L220V:H148S:K101E:K156E:K214E:N164Y,6,-11.1,6.1,medium,True,1,3,1,0,1.8876856318776196,1.8093335184842299,0.48,1.1875762233325018,TYG,True,False,False,10,balanced_H148S_stronger_charge,Query_13_CANDV2_26848
CANDV2_26863,MSKGEELFTGVVPILVELDGDVNGHKFSVRGEGEGDATNGKLTLKFICTTGKLPVPWPTLVTTLTYGVQCFSRYPDHMKRHDFFKSAMPEGYVQERTISFEDDGTYKTRAEVKFEGDTLVNRIELKGIDFKEDGNILGHKLEYNFNSSNVYITADKQKNGIKAYFEIRHNVEDGSVQLADHYQQNTPIGDGPVLLPDNHYLSTQSVLSKDPNEERDHMVVLEFVTAAGITHGMDELYK,238,L220V:H148S:K101E:K166E:K214E:N164Y,6,-11.1,6.1,medium,True,1,3,1,0,1.8876856318776196,1.8093335184842299,0.48,1.1875762233325018,TYG,True,False,False,11,balanced_H148S_stronger_charge,Query_14_CANDV2_26863
CANDV2_26898,MSKGEELFTGVVPILVELDGDVNGHKFSVRGEGEGDATNGKLTLKFICTTGKLPVPWPTLVTTLTYGVQCFSRYPDHMKRHDFFKSAMPEGYVQERTISFKDDGTYKTRAEVKFEGDTLVNRIELKGIDFKEDGNILGHKLEYNFNSSNVYITADEQKNGIKAYFEIRHNVEDGSVQLADHYQQNTPIGDGPVLLPDNHYLSTQSVLSKDPNEERDHMVVLEFVTAAGITHGMDELYK,238,L220V:H148S:K156E:K166E:K214E:N164Y,6,-11.1,6.1,medium,True,1,3,1,0,1.8876856318776196,1.8093335184842299,0.48,1.1875762233325018,TYG,True,False,False,12,balanced_H148S_stronger_charge,Query_15_CANDV2_26898
CANDV2_26760,MSKGEELFTGVVPILVELDGDVNGHKFSVRGEGEGDATNGKLTLKFICTTGKLPVPWPTLVTTLTYGVQCFSRYPDHMKRHDFFKSAMPEGYVQERTISFEDDGTYKTRAEVKFEGDTLVNRIELKGIDFKEDGNILGHKLEYNFNSSNVYITADEQKNGIKAYFKIRHNVEDGSVQLADHYQQNTPIGDGPVLLPDDHYLSTQSVLSKDPNEKRDHMVVLEFVTAAGITHGMDELYK,238,L220V:H148S:N198D:K101E:K156E:N164Y,6,-10.1,5.1,medium,True,1,3,1,0,1.8876856318776196,1.7571969781997199,0.48,1.1667216072186979,TYG,True,False,False,33,balanced_H148S_stronger_charge,Query_16_CANDV2_26760
CANDV2_26766,MSKGEELFTGVVPILVELDGDVNGHKFSVRGEGEGDATNGKLTLKFICTTGKLPVPWPTLVTTLTYGVQCFSRYPDHMKRHDFFKSAMPEGYVQERTISFEDDGTYKTRAEVKFEGDTLVNRIELKGIDFKEDGNILGHKLEYNFNSSNVYITADKQKNGIKAYFEIRHNVEDGSVQLADHYQQNTPIGDGPVLLPDDHYLSTQSVLSKDPNEKRDHMVVLEFVTAAGITHGMDELYK,238,L220V:H148S:N198D:K101E:K166E:N164Y,6,-10.1,5.1,medium,True,1,3,1,0,1.8876856318776196,1.7571969781997199,0.48,1.1667216072186979,TYG,True,False,False,34,balanced_H148S_stronger_charge,Query_17_CANDV2_26766
CANDV2_77117,MSKGEELFTGVVPILVELDGDVNGHKFSVRGEGEGDATNGKLTLKFICTTGKLPVPWPTLVTTLTYGVQCFSRYPDHMKRHDFFKSAMPEGYVQERTISFEDDGTYKTRAEVKFEGDTLVNRIELKGIDFKEDGNILGHKLEYNFNSSNVYITADEQKNGIKAYFEIRHNVEDGSVQLADHYQQNTPIGDGPVLLPDNHYLSTQSVLSKDPNEERDHMVVLEFVTAAGITHGMDELYK,238,L220V:H148S:K101E:K156E:K166E:K214E:N164Y,7,-13.1,8.1,strong,True,1,4,1,0,1.8876856318776196,1.6692454458902417,0.56,1.0515409942949066,TYG,True,False,False,413,thermal_supercharged_H148S,Query_18_CANDV2_77117
CANDV2_134259,MSKGEELFTGVVPILVELDGDVNGHKFSVRGEGEGDATNGKLTLKFICTTGKLPVPWPTLVTTLTYGVQCFSRYPDHMKRHDFFKSAMPEGYVQERTISFEDDGTYKTRAEVKFEGDTLVNRIELKGIDFKEDGNILGHKLEYNFNSSNVYITADEQKNGIKAYFEIRHNVEDGSVQLADHYQQNTPIGDGPVLLPDNHYLSTQSVLLKDPNEERDHMVLLEFVTAAGITHGMDELYK,238,H148S:K101E:K156E:K166E:K214E:N164Y:S208L,7,-13.1,8.1,strong,True,0,4,2,0,1.4568952691761619,1.9192454458902417,0.56,0.9361458129441775,TYG,True,False,False,2530,thermal_supercharged_H148S,Query_19_CANDV2_134259
CANDV2_122145,MSKGEELFTGVVPILVELDGDVNGHKFSVRGEGEGDATNGKLTLKFICTTGKLPVPWPTLVTTLTYGVQCFSRYPDHMKRHDFFKSAMPEGYVQERTISFEDDGTYKTRAEVKFEGDTLVNRIELKGIDFKEDGNILGHKLEYNFNSSNVYITADEQKNGIKAYFEIRHNVEDGSVQLADHYQQNTPIGDGPVLLPDNHYLSTQSVLSKDPNEERDHMVQLEFVTAAGITHGMDELYK,238,L220Q:H148S:K101E:K156E:K166E:K214E:N164Y,7,-13.1,8.1,strong,True,1,4,1,0,1.6550326527996368,1.6692454458902417,0.56,0.935214504755915,TYG,True,False,False,2561,thermal_supercharged_H148S,Query_20_CANDV2_122145
CANDV2_77119,MSKGEELFTGVVPILVELDGDVNGHKFSVRGEGEGDATNGKLTLKFICTTGKLPVPWPTLVTTLTYGVQCFSRYPDHMKRHDFFKSAMPEGYVQERTISFEDDGTYKTRAEVKFEGDTLVNRIELKGIDFKEDGNILGHKLEYNFNSSNVYITADEQKNGIKANFEIRHNVEDGSVQLADHYQQNTPIGDGPVLLPDNHYLSTQSVLLKDPNEERDHMVVLEFVTAAGITHGMDELYK,238,L220V:H148S:K101E:K156E:K166E:K214E:S208L,7,-13.1,8.1,strong,True,1,4,1,0,1.630790362701458,1.6692454458902417,0.56,0.9230933597068256,TYG,True,False,False,2880,thermal_supercharged_H148S,Query_21_CANDV2_77119
CANDV2_26637,MSKGEELFTGVVPILVELDGDVNGHKFSVRGEGEGDATNGKLTLKFICTTGKLPVPWPTLVTTLTYGVQCFSRYPDHMKRHDFFKSAMPEGYVQERTISFEDDGTYKTRAEVKFEGDTLVNRIELKGIDFKEDGNILGHKLEYNFNSHNVYITADEQKNGIKAYFEIRHNVEDGSVQLADHYRQNTPIGDGPVLLPDNHYLSTQSVLSKDPNEKRDHMVVLEFVTAAGITHGMDELYK,238,L220V:Q183R:K101E:K156E:K166E:N164Y,6,-10.0,5.0,medium,False,2,3,1,0,0.9150875481249836,1.7451513626881185,0.48,0.6756043191377392,TYG,True,False,False,17485,backup_without_H148S,Query_22_CANDV2_26637
CANDV2_26642,MSKGEELFTGVVPILVELDGDVNGHKFSVRGEGEGDATNGKLTLKFICTTGKLPVPWPTLVTTLTYGVQCFSRYPDHMKRHDFFKSAMPEGYVQERTISFEDDGTYKTRAEVKFEGDTLVNRIELKGIDFKEDGNILGHKLEYNFNSHNVYITADEQKNGIKAYFKIRHNVEDGSVQLADHYRQNTPIGDGPVLLPDNHYLSTQSVLSKDPNEERDHMVVLEFVTAAGITHGMDELYK,238,L220V:Q183R:K101E:K156E:K214E:N164Y,6,-10.0,5.0,medium,False,2,3,1,0,0.9150875481249836,1.7451513626881185,0.48,0.6756043191377392,TYG,True,False,False,17486,backup_without_H148S,Query_23_CANDV2_26642
CANDV2_26657,MSKGEELFTGVVPILVELDGDVNGHKFSVRGEGEGDATNGKLTLKFICTTGKLPVPWPTLVTTLTYGVQCFSRYPDHMKRHDFFKSAMPEGYVQERTISFEDDGTYKTRAEVKFEGDTLVNRIELKGIDFKEDGNILGHKLEYNFNSHNVYITADKQKNGIKAYFEIRHNVEDGSVQLADHYRQNTPIGDGPVLLPDNHYLSTQSVLSKDPNEERDHMVVLEFVTAAGITHGMDELYK,238,L220V:Q183R:K101E:K166E:K214E:N164Y,6,-10.0,5.0,medium,False,2,3,1,0,0.9150875481249836,1.7451513626881185,0.48,0.6756043191377392,TYG,True,False,False,17487,backup_without_H148S,Query_24_CANDV2_26657
