Candidate_ID,Sequence,Length,Mutations,Mutation_Count,Approx_Net_Charge,Charge_Delta_More_Negative_vs_sfGFP,Charge_Bin,Has_H148S,DMS_Brightness_Safe_Count,Supercharge_Count,Folding_Count,Optional_Risk_Count,Local_Brightness_Evidence_Score,Stability_Proxy_Score,Risk_Penalty,Pre_ColabFold_MultiObjective_Score,Chromophore_65_67,Chromophore_Preserved,In_Exclusion_List,Exact_Match_BeforeTopSeqs,Pre_Rank,Design_Family,ColabFold_Query_ID,Mean_pLDDT,pTM,Chromophore_pLDDT_Mean_65_67,Chromophore_pLDDT_Min_65_67,Core_pLDDT_Mean_1_220,CTerm_pLDDT_Mean_221_238,Core_RMSD_to_WT_A,scores_json,pdb,Mutation_Site_pLDDT_Mean,Mutation_Site_pLDDT_Min,Structural_Pass,PreScore_Norm,pLDDT_Norm,RMSD_Norm,Mutation_pLDDT_Norm,Structural_Composite,Final_Computational_Score,Final_Rank
CANDV2_26898,MSKGEELFTGVVPILVELDGDVNGHKFSVRGEGEGDATNGKLTLKFICTTGKLPVPWPTLVTTLTYGVQCFSRYPDHMKRHDFFKSAMPEGYVQERTISFKDDGTYKTRAEVKFEGDTLVNRIELKGIDFKEDGNILGHKLEYNFNSSNVYITADEQKNGIKAYFEIRHNVEDGSVQLADHYQQNTPIGDGPVLLPDNHYLSTQSVLSKDPNEERDHMVVLEFVTAAGITHGMDELYK,238,L220V:H148S:K156E:K166E:K214E:N164Y,6,-11.1,6.1,medium,True,1,3,1,0,1.88768563187762,1.8093335184842296,0.48,1.1875762233325018,TYG,True,False,False,12,balanced_H148S_stronger_charge,Query_15_CANDV2_26898,96.20899159663864,0.91,97.04333333333334,95.44,97.79622727272726,76.80944444444444,0.10511209963997035,/mnt/data/cf_v2_results_extracted/Query_15_CANDV2_26898/Query_15_CANDV2_26898_scores_rank_001_alphafold2_ptm_model_5_seed_000.json,/mnt/data/cf_v2_results_extracted/Query_15_CANDV2_26898/Query_15_CANDV2_26898_unrelaxed_rank_001_alphafold2_ptm_model_5_seed_000.pdb,97.50999999999999,95.94,True,1.0,1.0,0.759298199467056,0.6836363636363619,0.869994445544856,0.9544980559406997,1
CANDV2_26760,MSKGEELFTGVVPILVELDGDVNGHKFSVRGEGEGDATNGKLTLKFICTTGKLPVPWPTLVTTLTYGVQCFSRYPDHMKRHDFFKSAMPEGYVQERTISFEDDGTYKTRAEVKFEGDTLVNRIELKGIDFKEDGNILGHKLEYNFNSSNVYITADEQKNGIKAYFKIRHNVEDGSVQLADHYQQNTPIGDGPVLLPDDHYLSTQSVLSKDPNEKRDHMVVLEFVTAAGITHGMDELYK,238,L220V:H148S:N198D:K101E:K156E:N164Y,6,-10.1,5.1,medium,True,1,3,1,0,1.88768563187762,1.75719697819972,0.48,1.166721607218698,TYG,True,False,False,33,balanced_H148S_stronger_charge,Query_16_CANDV2_26760,96.10857142857141,0.91,96.29333333333334,93.88,97.72986363636363,76.29277777777776,0.11038352530066382,/mnt/data/cf_v2_results_extracted/Query_16_CANDV2_26760/Query_16_CANDV2_26760_scores_rank_001_alphafold2_ptm_model_5_seed_000.json,/mnt/data/cf_v2_results_extracted/Query_16_CANDV2_26760/Query_16_CANDV2_26760_unrelaxed_rank_001_alphafold2_ptm_model_5_seed_000.pdb,97.625,96.0,True,0.9592660926450561,0.6285936285935908,0.7042021164316654,0.7054545454545447,0.6784077996098176,0.8609656900827227,2
CANDV2_26848,MSKGEELFTGVVPILVELDGDVNGHKFSVRGEGEGDATNGKLTLKFICTTGKLPVPWPTLVTTLTYGVQCFSRYPDHMKRHDFFKSAMPEGYVQERTISFEDDGTYKTRAEVKFEGDTLVNRIELKGIDFKEDGNILGHKLEYNFNSSNVYITADEQKNGIKAYFKIRHNVEDGSVQLADHYQQNTPIGDGPVLLPDNHYLSTQSVLSKDPNEERDHMVVLEFVTAAGITHGMDELYK,238,L220V:H148S:K101E:K156E:K214E:N164Y,6,-11.1,6.1,medium,True,1,3,1,0,1.88768563187762,1.8093335184842296,0.48,1.1875762233325018,TYG,True,False,False,10,balanced_H148S_stronger_charge,Query_13_CANDV2_26848,96.09046218487394,0.91,94.64666666666666,90.0,97.69604545454544,76.46666666666665,0.10614724247135877,/mnt/data/cf_v2_results_extracted/Query_13_CANDV2_26848/Query_13_CANDV2_26848_scores_rank_001_alphafold2_ptm_model_5_seed_000.json,/mnt/data/cf_v2_results_extracted/Query_13_CANDV2_26848/Query_13_CANDV2_26848_unrelaxed_rank_001_alphafold2_ptm_model_5_seed_000.pdb,97.44666666666667,95.69,True,1.0,0.5616161616161657,0.7484790550718445,0.5927272727272711,0.5993760975980669,0.8597816341593234,3
CANDV2_26843,MSKGEELFTGVVPILVELDGDVNGHKFSVRGEGEGDATNGKLTLKFICTTGKLPVPWPTLVTTLTYGVQCFSRYPDHMKRHDFFKSAMPEGYVQERTISFEDDGTYKTRAEVKFEGDTLVNRIELKGIDFKEDGNILGHKLEYNFNSSNVYITADEQKNGIKAYFEIRHNVEDGSVQLADHYQQNTPIGDGPVLLPDNHYLSTQSVLSKDPNEKRDHMVVLEFVTAAGITHGMDELYK,238,L220V:H148S:K101E:K156E:K166E:N164Y,6,-11.1,6.1,medium,True,1,3,1,0,1.88768563187762,1.8093335184842296,0.48,1.1875762233325018,TYG,True,False,False,9,balanced_H148S_stronger_charge,Query_12_CANDV2_26843,96.1633613445378,0.91,93.89666666666666,88.25,97.55427272727272,79.16333333333336,0.1548374755924646,/mnt/data/cf_v2_results_extracted/Query_12_CANDV2_26843/Query_12_CANDV2_26843_scores_rank_001_alphafold2_ptm_model_3_seed_000.json,/mnt/data/cf_v2_results_extracted/Query_12_CANDV2_26843/Query_12_CANDV2_26843_unrelaxed_rank_001_alphafold2_ptm_model_3_seed_000.pdb,97.42833333333333,95.75,True,1.0,0.8312354312354393,0.2395766632471511,0.6145454545454537,0.5809672046341069,0.8533385216219375,4
CANDV2_06745,MSKGEELFTGVVPILVELDGDVNGHKFSVRGEGEGDATNGKLTLKFICTTGKLPVPWPTLVTTLTYGVQCFSRYPDHMKRHDFFKSAMPEGYVQERTISFEDDGTYKTRAEVKFEGDTLVNRIELKGIDFKEDGNILGHKLEYNFNSSNVYITADEQKNGIKAYFKIRHNVEDGSVQLADHYQQNTPIGDGPVLLPDNHYLSTQSVLSKDPNEKRDHMVVLEFVTAAGITHGMDELYK,238,L220V:H148S:K101E:K156E:N164Y,5,-9.1,4.1,medium,True,1,2,1,0,1.88768563187762,1.4719312347802591,0.4,1.1326153098509133,TYG,True,False,False,107,balanced_H148S_medium_charge,Query_06_CANDV2_06745,96.20668067226889,0.91,94.54,89.75,97.54118181818181,79.89611111111111,0.1653259381878903,/mnt/data/cf_v2_results_extracted/Query_06_CANDV2_06745/Query_06_CANDV2_06745_scores_rank_001_alphafold2_ptm_model_3_seed_000.json,/mnt/data/cf_v2_results_extracted/Query_06_CANDV2_06745/Query_06_CANDV2_06745_unrelaxed_rank_001_alphafold2_ptm_model_3_seed_000.pdb,97.21000000000001,95.75,True,0.8926485749876609,0.9914529914529762,0.12995295928788075,0.6145454545454537,0.6401239830565492,0.8042649678117717,5
CANDV2_26863,MSKGEELFTGVVPILVELDGDVNGHKFSVRGEGEGDATNGKLTLKFICTTGKLPVPWPTLVTTLTYGVQCFSRYPDHMKRHDFFKSAMPEGYVQERTISFEDDGTYKTRAEVKFEGDTLVNRIELKGIDFKEDGNILGHKLEYNFNSSNVYITADKQKNGIKAYFEIRHNVEDGSVQLADHYQQNTPIGDGPVLLPDNHYLSTQSVLSKDPNEERDHMVVLEFVTAAGITHGMDELYK,238,L220V:H148S:K101E:K166E:K214E:N164Y,6,-11.1,6.1,medium,True,1,3,1,0,1.88768563187762,1.8093335184842296,0.48,1.1875762233325018,TYG,True,False,False,11,balanced_H148S_stronger_charge,Query_14_CANDV2_26863,96.0413025210084,0.91,94.25,89.25,97.55995454545454,77.48,0.15516912030565688,/mnt/data/cf_v2_results_extracted/Query_14_CANDV2_26863/Query_14_CANDV2_26863_scores_rank_001_alphafold2_ptm_model_3_seed_000.json,/mnt/data/cf_v2_results_extracted/Query_14_CANDV2_26863/Query_14_CANDV2_26863_unrelaxed_rank_001_alphafold2_ptm_model_3_seed_000.pdb,97.75999999999999,95.81,True,1.0,0.37979797979800295,0.23611036668291452,0.6363636363636364,0.39096061525275005,0.7868362153384625,6
CANDV2_06772,MSKGEELFTGVVPILVELDGDVNGHKFSVRGEGEGDATNGKLTLKFICTTGKLPVPWPTLVTTLTYGVQCFSRYPDHMKRHDFFKSAMPEGYVQERTISFKDDGTYKTRAEVKFEGDTLVNRIELKGIDFKEDGNILGHKLEYNFNSSNVYITADEQKNGIKAYFEIRHNVEDGSVQLADHYQQNTPIGDGPVLLPDNHYLSTQSVLSKDPNEKRDHMVVLEFVTAAGITHGMDELYK,238,L220V:H148S:K156E:K166E:N164Y,5,-9.1,4.1,medium,True,1,2,1,0,1.88768563187762,1.4719312347802591,0.4,1.1326153098509133,TYG,True,False,False,110,balanced_H148S_medium_charge,Query_09_CANDV2_06772,96.0427731092437,0.91,95.69,92.69,97.72199999999998,75.51888888888888,0.10948841112620866,/mnt/data/cf_v2_results_extracted/Query_09_CANDV2_06772/Query_09_CANDV2_06772_scores_rank_001_alphafold2_ptm_model_5_seed_000.json,/mnt/data/cf_v2_results_extracted/Query_09_CANDV2_06772/Query_09_CANDV2_06772_unrelaxed_rank_001_alphafold2_ptm_model_5_seed_000.pdb,97.274,95.81,True,0.8926485749876609,0.3852369852370038,0.7135577040954871,0.6363636363636364,0.5459426153610617,0.7713014891183512,7
CANDV2_06751,MSKGEELFTGVVPILVELDGDVNGHKFSVRGEGEGDATNGKLTLKFICTTGKLPVPWPTLVTTLTYGVQCFSRYPDHMKRHDFFKSAMPEGYVQERTISFEDDGTYKTRAEVKFEGDTLVNRIELKGIDFKEDGNILGHKLEYNFNSSNVYITADKQKNGIKAYFEIRHNVEDGSVQLADHYQQNTPIGDGPVLLPDNHYLSTQSVLSKDPNEKRDHMVVLEFVTAAGITHGMDELYK,238,L220V:H148S:K101E:K166E:N164Y,5,-9.1,4.1,medium,True,1,2,1,0,1.88768563187762,1.4719312347802591,0.4,1.1326153098509133,TYG,True,False,False,108,balanced_H148S_medium_charge,Query_07_CANDV2_06751,96.04273109243697,0.91,96.12333333333333,93.62,97.69190909090908,75.8861111111111,0.1134079748634689,/mnt/data/cf_v2_results_extracted/Query_07_CANDV2_06751/Query_07_CANDV2_06751_scores_rank_001_alphafold2_ptm_model_5_seed_000.json,/mnt/data/cf_v2_results_extracted/Query_07_CANDV2_06751/Query_07_CANDV2_06751_unrelaxed_rank_001_alphafold2_ptm_model_5_seed_000.pdb,97.862,95.75,True,0.8926485749876609,0.3850815850815737,0.6725910618565853,0.6145454545454537,0.5402355658026647,0.7693040217729122,8
CANDV2_06756,MSKGEELFTGVVPILVELDGDVNGHKFSVRGEGEGDATNGKLTLKFICTTGKLPVPWPTLVTTLTYGVQCFSRYPDHMKRHDFFKSAMPEGYVQERTISFEDDGTYKTRAEVKFEGDTLVNRIELKGIDFKEDGNILGHKLEYNFNSSNVYITADKQKNGIKAYFKIRHNVEDGSVQLADHYQQNTPIGDGPVLLPDNHYLSTQSVLSKDPNEERDHMVVLEFVTAAGITHGMDELYK,238,L220V:H148S:K101E:K214E:N164Y,5,-9.1,4.1,medium,True,1,2,1,0,1.88768563187762,1.4719312347802591,0.4,1.1326153098509133,TYG,True,False,False,109,balanced_H148S_medium_charge,Query_08_CANDV2_06756,96.09474789915967,0.91,95.10666666666667,90.94,97.59786363636363,77.72333333333334,0.15123191325401783,/mnt/data/cf_v2_results_extracted/Query_08_CANDV2_06756/Query_08_CANDV2_06756_scores_rank_001_alphafold2_ptm_model_3_seed_000.json,/mnt/data/cf_v2_results_extracted/Query_08_CANDV2_06756/Query_08_CANDV2_06756_unrelaxed_rank_001_alphafold2_ptm_model_3_seed_000.pdb,97.686,96.06,True,0.8926485749876609,0.5774669774670357,0.27726141397210147,0.7272727272727273,0.5246782548154514,0.7638589629273875,9
CANDV2_06792,MSKGEELFTGVVPILVELDGDVNGHKFSVRGEGEGDATNGKLTLKFICTTGKLPVPWPTLVTTLTYGVQCFSRYPDHMKRHDFFKSAMPEGYVQERTISFKDDGTYKTRAEVKFEGDTLVNRIELKGIDFKEDGNILGHKLEYNFNSSNVYITADKQKNGIKAYFEIRHNVEDGSVQLADHYQQNTPIGDGPVLLPDNHYLSTQSVLSKDPNEERDHMVVLEFVTAAGITHGMDELYK,238,L220V:H148S:K166E:K214E:N164Y,5,-9.1,4.1,medium,True,1,2,1,0,1.88768563187762,1.4719312347802591,0.4,1.1326153098509133,TYG,True,False,False,112,balanced_H148S_medium_charge,Query_11_CANDV2_06792,96.045756302521,0.91,93.85333333333334,89.25,97.63618181818181,76.60722222222222,0.11702095850280098,/mnt/data/cf_v2_results_extracted/Query_11_CANDV2_06792/Query_11_CANDV2_06792_scores_rank_001_alphafold2_ptm_model_5_seed_000.json,/mnt/data/cf_v2_results_extracted/Query_11_CANDV2_06792/Query_11_CANDV2_06792_unrelaxed_rank_001_alphafold2_ptm_model_5_seed_000.pdb,97.586,95.62,True,0.8926485749876609,0.3962703962703829,0.6348287449026627,0.5672727272727282,0.48423461540207646,0.7497036891327064,10
CANDV2_06777,MSKGEELFTGVVPILVELDGDVNGHKFSVRGEGEGDATNGKLTLKFICTTGKLPVPWPTLVTTLTYGVQCFSRYPDHMKRHDFFKSAMPEGYVQERTISFKDDGTYKTRAEVKFEGDTLVNRIELKGIDFKEDGNILGHKLEYNFNSSNVYITADEQKNGIKAYFKIRHNVEDGSVQLADHYQQNTPIGDGPVLLPDNHYLSTQSVLSKDPNEERDHMVVLEFVTAAGITHGMDELYK,238,L220V:H148S:K156E:K214E:N164Y,5,-9.1,4.1,medium,True,1,2,1,0,1.88768563187762,1.4719312347802591,0.4,1.1326153098509133,TYG,True,False,False,111,balanced_H148S_medium_charge,Query_10_CANDV2_06777,96.06382352941178,0.91,95.58,92.31,97.55809090909091,77.80055555555556,0.14863540432282912,/mnt/data/cf_v2_results_extracted/Query_10_CANDV2_06777/Query_10_CANDV2_06777_scores_rank_001_alphafold2_ptm_model_3_seed_000.json,/mnt/data/cf_v2_results_extracted/Query_10_CANDV2_06777/Query_10_CANDV2_06777_unrelaxed_rank_001_alphafold2_ptm_model_3_seed_000.pdb,97.176,95.69,True,0.8926485749876609,0.4630924630925357,0.30439970271657124,0.5927272727272711,0.4662963907377424,0.7434253105001895,11
CANDV2_26766,MSKGEELFTGVVPILVELDGDVNGHKFSVRGEGEGDATNGKLTLKFICTTGKLPVPWPTLVTTLTYGVQCFSRYPDHMKRHDFFKSAMPEGYVQERTISFEDDGTYKTRAEVKFEGDTLVNRIELKGIDFKEDGNILGHKLEYNFNSSNVYITADKQKNGIKAYFEIRHNVEDGSVQLADHYQQNTPIGDGPVLLPDDHYLSTQSVLSKDPNEKRDHMVVLEFVTAAGITHGMDELYK,238,L220V:H148S:N198D:K101E:K166E:N164Y,6,-10.1,5.1,medium,True,1,3,1,0,1.88768563187762,1.75719697819972,0.48,1.166721607218698,TYG,True,False,False,34,balanced_H148S_stronger_charge,Query_17_CANDV2_26766,95.9681512605042,0.91,97.0,95.31,97.51931818181818,77.00944444444445,0.17775944210563993,/mnt/data/cf_v2_results_extracted/Query_17_CANDV2_26766/Query_17_CANDV2_26766_scores_rank_001_alphafold2_ptm_model_4_seed_000.json,/mnt/data/cf_v2_results_extracted/Query_17_CANDV2_26766/Query_17_CANDV2_26766_unrelaxed_rank_001_alphafold2_ptm_model_4_seed_000.pdb,97.32333333333334,94.88,True,0.9592660926450561,0.10924630924630666,0.0,0.2981818181818157,0.20098620954744223,0.6938681335608913,12
CANDV2_01071,MSKGEELFTGVVPILVELDGDVNGHKFSVRGEGEGDATNGKLTLKFICTTGKLPVPWPTLVTTLTYGVQCFSRYPDHMKRHDFFKSAMPEGYVQERTISFKDDGTYKTRAEVKFEGDTLVNRIELKGIDFKEDGNILGHKLEYNFNSSNVYITADEQKNGIKAYFKIRHNVEDGSVQLADHYQQNTPIGDGPVLLPDNHYLSTQSVLSKDPNEKRDHMVVLEFVTAAGITHGMDELYK,238,L220V:H148S:K156E:N164Y,4,-7.1,2.1,mild,True,1,1,1,0,1.88768563187762,0.8854688298528868,0.32,0.9780303478799646,TYG,True,False,False,1491,conservative_H148S_mild_charge,Query_02_CANDV2_01071,96.18428571428572,0.91,96.04333333333334,93.5,97.65568181818182,78.20055555555555,0.11843009201108519,/mnt/data/cf_v2_results_extracted/Query_02_CANDV2_01071/Query_02_CANDV2_01071_scores_rank_001_alphafold2_ptm_model_5_seed_000.json,/mnt/data/cf_v2_results_extracted/Query_02_CANDV2_01071/Query_02_CANDV2_01071_unrelaxed_rank_001_alphafold2_ptm_model_5_seed_000.pdb,97.1575,95.81,True,0.5907082522777998,0.9086247086247862,0.6201007108227579,0.6363636363636364,0.7659138358171406,0.6520302065165691,13
CANDV2_77117,MSKGEELFTGVVPILVELDGDVNGHKFSVRGEGEGDATNGKLTLKFICTTGKLPVPWPTLVTTLTYGVQCFSRYPDHMKRHDFFKSAMPEGYVQERTISFEDDGTYKTRAEVKFEGDTLVNRIELKGIDFKEDGNILGHKLEYNFNSSNVYITADEQKNGIKAYFEIRHNVEDGSVQLADHYQQNTPIGDGPVLLPDNHYLSTQSVLSKDPNEERDHMVVLEFVTAAGITHGMDELYK,238,L220V:H148S:K101E:K156E:K166E:K214E:N164Y,7,-13.1,8.1,strong,True,1,4,1,0,1.88768563187762,1.6692454458902417,0.56,1.0515409942949066,TYG,True,False,False,413,thermal_supercharged_H148S,Query_18_CANDV2_77117,96.12424369747899,0.91,96.98,95.25,97.51754545454546,79.095,0.1618920105384277,/mnt/data/cf_v2_results_extracted/Query_18_CANDV2_77117/Query_18_CANDV2_77117_scores_rank_001_alphafold2_ptm_model_4_seed_000.json,/mnt/data/cf_v2_results_extracted/Query_18_CANDV2_77117/Query_18_CANDV2_77117_unrelaxed_rank_001_alphafold2_ptm_model_4_seed_000.pdb,97.21571428571428,94.81,True,0.7342916126392647,0.6865578865579123,0.16584381217860056,0.2727272727272727,0.4965678711988315,0.6510883031351131,14
CANDV2_01082,MSKGEELFTGVVPILVELDGDVNGHKFSVRGEGEGDATNGKLTLKFICTTGKLPVPWPTLVTTLTYGVQCFSRYPDHMKRHDFFKSAMPEGYVQERTISFKDDGTYKTRAEVKFEGDTLVNRIELKGIDFKEDGNILGHKLEYNFNSSNVYITADKQKNGIKAYFKIRHNVEDGSVQLADHYQQNTPIGDGPVLLPDNHYLSTQSVLSKDPNEERDHMVVLEFVTAAGITHGMDELYK,238,L220V:H148S:K214E:N164Y,4,-7.1,2.1,mild,True,1,1,1,0,1.88768563187762,0.8854688298528868,0.32,0.9780303478799646,TYG,True,False,False,1493,conservative_H148S_mild_charge,Query_04_CANDV2_01082,96.09668067226889,0.91,95.0,90.69,97.56168181818181,78.19111111111113,0.15034659899855637,/mnt/data/cf_v2_results_extracted/Query_04_CANDV2_01082/Query_04_CANDV2_01082_scores_rank_001_alphafold2_ptm_model_3_seed_000.json,/mnt/data/cf_v2_results_extracted/Query_04_CANDV2_01082/Query_04_CANDV2_01082_unrelaxed_rank_001_alphafold2_ptm_model_3_seed_000.pdb,97.4375,95.69,True,0.5907082522777998,0.5846153846153466,0.28651457447762263,0.5927272727272711,0.5008884368637523,0.5592713168828831,15
CANDV2_122145,MSKGEELFTGVVPILVELDGDVNGHKFSVRGEGEGDATNGKLTLKFICTTGKLPVPWPTLVTTLTYGVQCFSRYPDHMKRHDFFKSAMPEGYVQERTISFEDDGTYKTRAEVKFEGDTLVNRIELKGIDFKEDGNILGHKLEYNFNSSNVYITADEQKNGIKAYFEIRHNVEDGSVQLADHYQQNTPIGDGPVLLPDNHYLSTQSVLSKDPNEERDHMVQLEFVTAAGITHGMDELYK,238,L220Q:H148S:K101E:K156E:K166E:K214E:N164Y,7,-13.1,8.1,strong,True,1,4,1,0,1.6550326527996368,1.6692454458902417,0.56,0.935214504755915,TYG,True,False,False,2561,thermal_supercharged_H148S,Query_20_CANDV2_122145,96.12138655462185,0.91,93.91666666666667,88.94,97.55222727272728,78.63333333333333,0.15897100501313333,/mnt/data/cf_v2_results_extracted/Query_20_CANDV2_122145/Query_20_CANDV2_122145_scores_rank_001_alphafold2_ptm_model_3_seed_000.json,/mnt/data/cf_v2_results_extracted/Query_20_CANDV2_122145/Query_20_CANDV2_122145_unrelaxed_rank_001_alphafold2_ptm_model_3_seed_000.pdb,97.50142857142858,96.06,True,0.5070789695510631,0.6759906759907182,0.19637368651003173,0.7272727272727273,0.5295055841997667,0.5149282846781094,16
CANDV2_01064,MSKGEELFTGVVPILVELDGDVNGHKFSVRGEGEGDATNGKLTLKFICTTGKLPVPWPTLVTTLTYGVQCFSRYPDHMKRHDFFKSAMPEGYVQERTISFEDDGTYKTRAEVKFEGDTLVNRIELKGIDFKEDGNILGHKLEYNFNSSNVYITADKQKNGIKAYFKIRHNVEDGSVQLADHYQQNTPIGDGPVLLPDNHYLSTQSVLSKDPNEKRDHMVVLEFVTAAGITHGMDELYK,238,L220V:H148S:K101E:N164Y,4,-7.1,2.1,mild,True,1,1,1,0,1.88768563187762,0.8854688298528868,0.32,0.9780303478799646,TYG,True,False,False,1490,conservative_H148S_mild_charge,Query_01_CANDV2_01064,96.04113445378154,0.91,92.79333333333334,85.75,97.507,78.12499999999999,0.1576557102346551,/mnt/data/cf_v2_results_extracted/Query_01_CANDV2_01064/Query_01_CANDV2_01064_scores_rank_001_alphafold2_ptm_model_3_seed_000.json,/mnt/data/cf_v2_results_extracted/Query_01_CANDV2_01064/Query_01_CANDV2_01064_unrelaxed_rank_001_alphafold2_ptm_model_3_seed_000.pdb,97.5625,95.44,True,0.5907082522777998,0.37917637917649294,0.21012093345907024,0.5018181818181802,0.3235232403578254,0.49719349810580876,17
CANDV2_134259,MSKGEELFTGVVPILVELDGDVNGHKFSVRGEGEGDATNGKLTLKFICTTGKLPVPWPTLVTTLTYGVQCFSRYPDHMKRHDFFKSAMPEGYVQERTISFEDDGTYKTRAEVKFEGDTLVNRIELKGIDFKEDGNILGHKLEYNFNSSNVYITADEQKNGIKAYFEIRHNVEDGSVQLADHYQQNTPIGDGPVLLPDNHYLSTQSVLLKDPNEERDHMVLLEFVTAAGITHGMDELYK,238,H148S:K101E:K156E:K166E:K214E:N164Y:S208L,7,-13.1,8.1,strong,True,0,4,2,0,1.456895269176162,1.9192454458902417,0.56,0.9361458129441776,TYG,True,False,False,2530,thermal_supercharged_H148S,Query_19_CANDV2_134259,95.97163865546219,0.91,93.54,90.12,97.60795454545455,75.97222222222223,0.1082387685949906,/mnt/data/cf_v2_results_extracted/Query_19_CANDV2_134259/Query_19_CANDV2_134259_scores_rank_001_alphafold2_ptm_model_5_seed_000.json,/mnt/data/cf_v2_results_extracted/Query_19_CANDV2_134259/Query_19_CANDV2_134259_unrelaxed_rank_001_alphafold2_ptm_model_5_seed_000.pdb,97.36428571428571,95.5,True,0.5088980306765508,0.12214452214453114,0.7266187644416343,0.5236363636363628,0.38348778954524665,0.46500444628059434,18
CANDV2_77119,MSKGEELFTGVVPILVELDGDVNGHKFSVRGEGEGDATNGKLTLKFICTTGKLPVPWPTLVTTLTYGVQCFSRYPDHMKRHDFFKSAMPEGYVQERTISFEDDGTYKTRAEVKFEGDTLVNRIELKGIDFKEDGNILGHKLEYNFNSSNVYITADEQKNGIKANFEIRHNVEDGSVQLADHYQQNTPIGDGPVLLPDNHYLSTQSVLLKDPNEERDHMVVLEFVTAAGITHGMDELYK,238,L220V:H148S:K101E:K156E:K166E:K214E:S208L,7,-13.1,8.1,strong,True,1,4,1,0,1.630790362701458,1.6692454458902417,0.56,0.9230933597068256,TYG,True,False,False,2880,thermal_supercharged_H148S,Query_21_CANDV2_77119,96.04302521008402,0.91,94.52,89.31,97.55872727272727,77.51777777777778,0.17655009003521432,/mnt/data/cf_v2_results_extracted/Query_21_CANDV2_77119/Query_21_CANDV2_77119_scores_rank_001_alphafold2_ptm_model_3_seed_000.json,/mnt/data/cf_v2_results_extracted/Query_21_CANDV2_77119/Query_21_CANDV2_77119_unrelaxed_rank_001_alphafold2_ptm_model_3_seed_000.pdb,97.55428571428571,95.94,True,0.4834035589479095,0.38616938616937385,0.012639951007565875,0.6836363636363619,0.3479932817481497,0.4360099619279936,19
CANDV2_03700,MSKGEELFTGVVPILVELDGDVNGHKFSVRGEGEGDATNGKLTLKFICTTGKLPVPWPTLVTTLTYGVQCFSRYPDHMKRHDFFKSAMPEGYVQERTISFEDDGTYKTRAEVKFEGDTLVNRIELKGIDFKEDGNILGHKLEYNFNSSNVYITADKQKNGIKAYFKIRHNVEDGSVQLADHYQQNTPIGDGPVLLPDDHYLSTQSVLSKDPNEKRDHMVLLEFVTAAGITHGMDELYK,238,H148S:N198D:K101E:N164Y,4,-8.1,3.1,medium,True,0,2,1,0,1.456895269176162,1.2420889590435915,0.32,0.9052832182055176,TYG,True,False,False,3478,conservative_H148S_mild_charge,Query_05_CANDV2_03700,95.95987394957983,0.91,93.73,89.44,97.69409090909089,74.76388888888889,0.0964228310123664,/mnt/data/cf_v2_results_extracted/Query_05_CANDV2_03700/Query_05_CANDV2_03700_scores_rank_001_alphafold2_ptm_model_5_seed_000.json,/mnt/data/cf_v2_results_extracted/Query_05_CANDV2_03700/Query_05_CANDV2_03700_unrelaxed_rank_001_alphafold2_ptm_model_5_seed_000.pdb,97.515,95.75,True,0.4486162173860321,0.07863247863247198,0.8501170209090532,0.6145454545454537,0.4064063752143126,0.43384277262593024,20
CANDV2_01077,MSKGEELFTGVVPILVELDGDVNGHKFSVRGEGEGDATNGKLTLKFICTTGKLPVPWPTLVTTLTYGVQCFSRYPDHMKRHDFFKSAMPEGYVQERTISFKDDGTYKTRAEVKFEGDTLVNRIELKGIDFKEDGNILGHKLEYNFNSSNVYITADKQKNGIKAYFEIRHNVEDGSVQLADHYQQNTPIGDGPVLLPDNHYLSTQSVLSKDPNEKRDHMVVLEFVTAAGITHGMDELYK,238,L220V:H148S:K166E:N164Y,4,-7.1,2.1,mild,True,1,1,1,0,1.88768563187762,0.8854688298528868,0.32,0.9780303478799646,TYG,True,False,False,1492,conservative_H148S_mild_charge,Query_03_CANDV2_01077,95.93861344537815,0.91,96.75,94.69,97.51309090909092,76.695,0.15984331261346174,/mnt/data/cf_v2_results_extracted/Query_03_CANDV2_01077/Query_03_CANDV2_01077_scores_rank_001_alphafold2_ptm_model_4_seed_000.json,/mnt/data/cf_v2_results_extracted/Query_03_CANDV2_01077/Query_03_CANDV2_01077_unrelaxed_rank_001_alphafold2_ptm_model_4_seed_000.pdb,96.97,94.06,True,0.5907082522777998,0.0,0.18725646944701546,0.0,0.1330243391553893,0.43051888268495614,21
CANDV2_26657,MSKGEELFTGVVPILVELDGDVNGHKFSVRGEGEGDATNGKLTLKFICTTGKLPVPWPTLVTTLTYGVQCFSRYPDHMKRHDFFKSAMPEGYVQERTISFEDDGTYKTRAEVKFEGDTLVNRIELKGIDFKEDGNILGHKLEYNFNSHNVYITADKQKNGIKAYFEIRHNVEDGSVQLADHYRQNTPIGDGPVLLPDNHYLSTQSVLSKDPNEERDHMVVLEFVTAAGITHGMDELYK,238,L220V:Q183R:K101E:K166E:K214E:N164Y,6,-10.0,5.0,medium,False,2,3,1,0,0.9150875481249836,1.7451513626881183,0.48,0.6756043191377392,TYG,True,False,False,17487,backup_without_H148S,Query_24_CANDV2_26657,96.10928571428572,0.91,96.81333333333333,95.5,97.70704545454545,76.5811111111111,0.08208248341317888,/mnt/data/cf_v2_results_extracted/Query_24_CANDV2_26657/Query_24_CANDV2_26657_scores_rank_001_alphafold2_ptm_model_5_seed_000.json,/mnt/data/cf_v2_results_extracted/Query_24_CANDV2_26657/Query_24_CANDV2_26657_unrelaxed_rank_001_alphafold2_ptm_model_5_seed_000.pdb,97.94666666666667,96.81,True,0.0,0.6312354312354813,1.0,1.0,0.828077159099361,0.2898270056847763,22
CANDV2_26642,MSKGEELFTGVVPILVELDGDVNGHKFSVRGEGEGDATNGKLTLKFICTTGKLPVPWPTLVTTLTYGVQCFSRYPDHMKRHDFFKSAMPEGYVQERTISFEDDGTYKTRAEVKFEGDTLVNRIELKGIDFKEDGNILGHKLEYNFNSHNVYITADEQKNGIKAYFKIRHNVEDGSVQLADHYRQNTPIGDGPVLLPDNHYLSTQSVLSKDPNEERDHMVVLEFVTAAGITHGMDELYK,238,L220V:Q183R:K101E:K156E:K214E:N164Y,6,-10.0,5.0,medium,False,2,3,1,0,0.9150875481249836,1.7451513626881183,0.48,0.6756043191377392,TYG,True,False,False,17486,backup_without_H148S,Query_23_CANDV2_26642,96.13802521008402,0.91,96.62333333333333,95.06,97.67940909090908,77.29888888888888,0.0910284453754163,/mnt/data/cf_v2_results_extracted/Query_23_CANDV2_26642/Query_23_CANDV2_26642_scores_rank_001_alphafold2_ptm_model_5_seed_000.json,/mnt/data/cf_v2_results_extracted/Query_23_CANDV2_26642/Query_23_CANDV2_26642_unrelaxed_rank_001_alphafold2_ptm_model_5_seed_000.pdb,97.705,95.81,True,0.0,0.7375291375291425,0.9064982616034771,0.6363636363636364,0.7755636109262238,0.27144726382417833,23
CANDV2_26637,MSKGEELFTGVVPILVELDGDVNGHKFSVRGEGEGDATNGKLTLKFICTTGKLPVPWPTLVTTLTYGVQCFSRYPDHMKRHDFFKSAMPEGYVQERTISFEDDGTYKTRAEVKFEGDTLVNRIELKGIDFKEDGNILGHKLEYNFNSHNVYITADEQKNGIKAYFEIRHNVEDGSVQLADHYRQNTPIGDGPVLLPDNHYLSTQSVLSKDPNEKRDHMVVLEFVTAAGITHGMDELYK,238,L220V:Q183R:K101E:K156E:K166E:N164Y,6,-10.0,5.0,medium,False,2,3,1,0,0.9150875481249836,1.7451513626881183,0.48,0.6756043191377392,TYG,True,False,False,17485,backup_without_H148S,Query_22_CANDV2_26637,96.15953781512606,0.91,97.31,96.12,97.59536363636362,78.61055555555555,0.14840535024551244,/mnt/data/cf_v2_results_extracted/Query_22_CANDV2_26637/Query_22_CANDV2_26637_scores_rank_001_alphafold2_ptm_model_3_seed_000.json,/mnt/data/cf_v2_results_extracted/Query_22_CANDV2_26637/Query_22_CANDV2_26637_unrelaxed_rank_001_alphafold2_ptm_model_3_seed_000.pdb,97.39666666666666,95.69,True,0.0,0.8170940170940897,0.3068041904893919,0.5927272727272711,0.6629388098601425,0.23202858345104987,24
